Pacman; 0; ...
Pacman; 0; ...
Pacman; 0; ...
Pacman; 0; ...
Pacman; 0; ...
Pacman; 0; ...
Pacman; 0; ...
Pacman; 0; ...
Pacman; 0; ...
pacman; 0; ...
BrickBreaker; 2460; Snyde-Uh-se-en-hund
BrickBreaker; 0; ...
BrickBreaker; 0; ...
BrickBreaker; 0; ...
BrickBreaker; 0; ...
BrickBreaker; 0; ...
BrickBreaker; 0; ...
BrickBreaker; 0; ...
BrickBreaker; 0; ...
BrickBreaker; 0; ...
Snake; 0; ...
Snake; 0; ...
Snake; 0; ...
Snake; 0; ...
Snake; 0; ...
Snake; 0; ...
Snake; 0; ...
Snake; 0; ...
Snake; 0; ...
Snake; 0; ...
BallDrop; 0; ...
BallDrop; 0; ...
BallDrop; 0; ...
BallDrop; 0; ...
BallDrop; 0; ...
BallDrop; 0; ...
BallDrop; 0; ...
BallDrop; 0; ...
BallDrop; 0; ...
BallDrop; 0; ...
